product,aspect,comment
burgers,price,value pricey ouch steep
burgers,price,cheap value ouch steep
burgers,quality,nasty fantastic nasty nasty
televisions,price,economical economical affordable affordable
televisions,price,affordable economical value expensive
burgers,price,steep cheap steep ouch
televisions,price,expensive value economical
burgers,quality,nasty nasty tasty
televisions,quality,fabulous sharp
televisions,price,value expensive
televisions,quality,clear pixilated pixilated
televisions,price,expensive affordable fancy expensive
televisions,price,economical expensive fancy fancy
burgers,quality,juicy tasty tasty tasty
burgers,price,value value cheap value
televisions,quality,clear fantastic clear sharp
televisions,price,affordable fancy economical fancy
burgers,quality,delicious tasty
burgers,price,pricey pricey pricey value
burgers,quality,nasty juicy juicy nasty
televisions,price,economical value
burgers,quality,tasty delicious delicious fantastic
burgers,quality,nasty juicy nasty nasty
televisions,quality,clear pixilated sharp clear
televisions,price,economical affordable value
burgers,price,cheap value ouch steep
televisions,price,value fancy
televisions,price,value expensive fancy
burgers,quality,juicy fantastic fantastic nasty
burgers,price,steep ouch value pricey
televisions,price,economical economical economical affordable
televisions,price,expensive fancy value fancy
televisions,price,value value value value
burgers,quality,nasty fantastic
burgers,price,pricey steep steep
burgers,price,value pricey
televisions,quality,clear pixilated fabulous
burgers,price,ouch pricey steep ouch
burgers,price,pricey pricey steep pricey
burgers,price,ouch ouch cheap
burgers,quality,juicy delicious juicy
burgers,quality,nasty fantastic fantastic tasty
burgers,price,value steep steep steep
televisions,price,economical affordable fancy value
burgers,price,value pricey value cheap
televisions,price,fancy affordable
televisions,quality,clear fantastic
televisions,quality,clear sharp clear
burgers,quality,nasty juicy fantastic nasty
burgers,quality,juicy nasty juicy
burgers,quality,delicious fantastic juicy juicy
burgers,quality,juicy tasty tasty
burgers,price,cheap ouch
televisions,quality,fantastic sharp sharp fantastic
televisions,price,value expensive fancy expensive
burgers,quality,delicious fantastic nasty
burgers,quality,fantastic fantastic
televisions,quality,sharp clear clear
televisions,quality,fabulous fabulous
burgers,price,ouch value ouch ouch
televisions,price,value fancy
televisions,quality,clear fabulous sharp fabulous
burgers,quality,tasty delicious
burgers,quality,delicious juicy fantastic
televisions,quality,sharp fabulous fabulous fantastic
burgers,price,ouch value steep
burgers,price,ouch value pricey
televisions,price,economical value
televisions,quality,fantastic clear sharp sharp
televisions,quality,clear pixilated fabulous
burgers,price,pricey ouch
burgers,quality,juicy juicy
burgers,price,value pricey value pricey
televisions,price,affordable fancy expensive
burgers,quality,delicious tasty tasty
televisions,price,fancy value
televisions,price,expensive affordable affordable expensive
burgers,price,steep pricey steep ouch
burgers,price,steep steep
televisions,price,affordable economical economical
televisions,quality,sharp sharp fabulous pixilated
televisions,quality,clear fabulous fantastic clear
televisions,quality,sharp fantastic sharp
televisions,quality,sharp fantastic
burgers,price,value steep
televisions,price,value value value expensive
burgers,price,ouch cheap pricey steep
burgers,price,pricey pricey steep ouch
televisions,quality,fabulous pixilated
burgers,quality,tasty fantastic
televisions,quality,pixilated sharp
burgers,quality,nasty tasty nasty tasty
burgers,price,steep cheap
burgers,price,value cheap ouch
burgers,price,pricey pricey cheap steep
burgers,price,cheap ouch
televisions,quality,fabulous pixilated clear clear
televisions,quality,sharp sharp fabulous fabulous
televisions,quality,fantastic fabulous fantastic
burgers,price,value ouch steep
televisions,quality,fabulous sharp fabulous
burgers,quality,juicy nasty
burgers,price,value value value
burgers,price,ouch value
televisions,price,economical fancy value
burgers,price,ouch cheap pricey
burgers,quality,juicy juicy nasty nasty
televisions,price,value economical
burgers,price,ouch pricey ouch
burgers,quality,fantastic delicious fantastic
televisions,quality,fantastic fantastic fantastic fabulous
burgers,quality,fantastic tasty tasty nasty
burgers,price,cheap steep pricey
burgers,quality,nasty nasty juicy
burgers,quality,delicious juicy
televisions,price,fancy value
burgers,price,value cheap
burgers,quality,juicy juicy delicious juicy
televisions,quality,fantastic fantastic
televisions,price,value fancy fancy
televisions,quality,fantastic fantastic
televisions,price,economical economical
televisions,price,affordable expensive expensive expensive
televisions,price,expensive affordable expensive affordable
burgers,quality,juicy tasty fantastic
burgers,price,cheap ouch value
televisions,quality,pixilated sharp pixilated
televisions,price,affordable affordable affordable
televisions,price,affordable economical economical
televisions,quality,pixilated fantastic fabulous sharp
televisions,quality,fabulous sharp fantastic
burgers,quality,tasty fantastic juicy
burgers,price,ouch pricey steep value
televisions,price,fancy value
televisions,quality,fantastic fantastic fabulous pixilated
burgers,price,cheap ouch
televisions,price,value expensive affordable fancy
televisions,price,fancy value
televisions,quality,fabulous pixilated fantastic fantastic
televisions,price,fancy expensive fancy fancy
televisions,quality,fabulous pixilated fantastic
televisions,price,fancy economical
televisions,quality,fabulous clear
televisions,price,expensive value fancy
burgers,price,ouch cheap cheap
televisions,quality,fantastic fabulous pixilated
burgers,price,cheap value pricey
burgers,price,value value cheap
televisions,price,value expensive
burgers,price,cheap cheap cheap
televisions,price,value fancy expensive expensive
televisions,quality,sharp fabulous
televisions,price,value economical
burgers,price,pricey ouch cheap
burgers,quality,tasty tasty delicious
burgers,quality,tasty nasty fantastic
televisions,quality,pixilated fabulous
televisions,quality,fabulous pixilated clear fabulous
burgers,quality,delicious tasty
televisions,quality,sharp clear
televisions,price,economical fancy fancy economical
televisions,quality,sharp sharp clear
televisions,price,value economical fancy fancy
burgers,quality,delicious juicy
burgers,quality,delicious delicious delicious fantastic
televisions,price,expensive value value
burgers,quality,delicious tasty juicy fantastic
televisions,price,fancy fancy economical fancy
televisions,quality,sharp fantastic fantastic
burgers,price,cheap cheap value steep
burgers,price,ouch steep
burgers,quality,juicy nasty
televisions,price,economical affordable affordable expensive
burgers,quality,juicy tasty
televisions,quality,fantastic fabulous
burgers,price,value value steep ouch
televisions,quality,sharp pixilated sharp
burgers,quality,juicy tasty delicious fantastic
televisions,quality,fantastic fantastic pixilated
burgers,price,ouch pricey pricey pricey
burgers,quality,juicy fantastic fantastic juicy
burgers,quality,juicy fantastic fantastic
televisions,price,economical expensive fancy fancy
burgers,price,cheap value cheap
televisions,quality,fabulous fantastic
burgers,quality,nasty nasty fantastic delicious
televisions,price,affordable expensive expensive affordable
televisions,price,expensive affordable
televisions,quality,fantastic fantastic
televisions,quality,sharp fantastic pixilated sharp
burgers,quality,fantastic fantastic
televisions,price,value fancy expensive expensive
televisions,price,expensive value expensive
burgers,price,steep cheap cheap pricey
televisions,price,expensive fancy affordable economical
burgers,quality,delicious fantastic
burgers,price,value cheap
televisions,price,expensive economical affordable expensive
televisions,quality,sharp fantastic
televisions,price,value economical
burgers,price,steep ouch steep cheap
televisions,price,expensive fancy affordable fancy
burgers,price,ouch cheap cheap cheap
burgers,quality,tasty delicious
burgers,quality,tasty juicy
televisions,quality,clear fantastic fantastic sharp
televisions,quality,pixilated clear
televisions,price,fancy value fancy
burgers,price,cheap ouch
televisions,quality,pixilated fantastic
burgers,price,steep cheap ouch cheap
burgers,quality,delicious juicy
televisions,quality,sharp fantastic
televisions,quality,sharp fabulous fabulous clear
televisions,price,fancy value value economical
televisions,quality,fabulous clear fantastic clear
televisions,quality,fabulous fabulous clear
burgers,quality,juicy fantastic
televisions,quality,fantastic fabulous fantastic
burgers,quality,tasty tasty fantastic tasty
burgers,price,steep pricey pricey value
burgers,price,steep cheap cheap
burgers,quality,juicy juicy
televisions,quality,pixilated fabulous
televisions,price,value economical expensive economical
televisions,price,value economical
televisions,quality,pixilated fabulous sharp fabulous
burgers,quality,nasty fantastic fantastic
burgers,quality,fantastic juicy juicy delicious
burgers,quality,fantastic fantastic
burgers,quality,tasty fantastic nasty
televisions,quality,fantastic sharp
televisions,quality,fantastic fabulous clear
burgers,quality,fantastic tasty nasty fantastic
burgers,quality,fantastic juicy fantastic delicious
burgers,price,cheap value cheap value
burgers,quality,tasty nasty juicy
televisions,quality,sharp pixilated fabulous
televisions,price,value fancy expensive economical
burgers,price,steep steep cheap
burgers,price,pricey pricey value
burgers,price,steep pricey
televisions,price,expensive value expensive economical
burgers,quality,delicious juicy fantastic
burgers,quality,nasty delicious juicy
televisions,quality,clear pixilated fantastic
televisions,price,economical affordable economical expensive
burgers,quality,fantastic delicious
burgers,quality,tasty delicious fantastic juicy
televisions,quality,sharp fabulous fantastic fantastic
televisions,quality,sharp fabulous
burgers,price,steep ouch cheap cheap
burgers,quality,fantastic nasty tasty
burgers,price,pricey steep steep steep
burgers,quality,juicy tasty juicy juicy
televisions,price,fancy affordable expensive
televisions,price,economical economical affordable fancy
televisions,price,fancy economical
burgers,quality,juicy juicy fantastic tasty
burgers,price,steep value
televisions,quality,clear sharp pixilated
televisions,quality,fabulous fantastic sharp
burgers,price,cheap ouch value
televisions,quality,clear fabulous sharp
televisions,price,affordable value expensive economical
burgers,price,cheap steep
televisions,quality,fantastic sharp clear
burgers,quality,nasty nasty fantastic
televisions,price,affordable value
televisions,price,affordable fancy
televisions,quality,pixilated fantastic fabulous
burgers,quality,nasty delicious
burgers,price,ouch value
burgers,price,pricey cheap value
televisions,price,fancy value fancy value
televisions,quality,fabulous clear pixilated clear
burgers,quality,nasty juicy
burgers,price,cheap value ouch
burgers,price,value ouch
televisions,price,expensive value value
burgers,price,cheap pricey steep pricey
televisions,price,affordable value
televisions,price,expensive value value economical
televisions,quality,clear pixilated sharp pixilated
televisions,price,fancy expensive economical fancy
burgers,quality,juicy nasty fantastic
televisions,price,fancy affordable expensive
televisions,price,fancy affordable
televisions,quality,sharp clear
televisions,quality,fabulous pixilated fantastic
televisions,quality,sharp sharp fantastic
televisions,price,value fancy value fancy
televisions,quality,sharp fabulous fabulous sharp
burgers,price,value ouch
televisions,quality,pixilated pixilated fantastic
televisions,quality,sharp sharp
burgers,price,steep ouch steep ouch
burgers,price,steep value
televisions,quality,clear fantastic sharp
televisions,quality,clear fantastic pixilated fabulous
televisions,quality,fabulous fantastic
televisions,price,economical fancy fancy economical
burgers,price,cheap ouch cheap
televisions,quality,sharp fantastic pixilated fabulous
televisions,price,value affordable
burgers,quality,delicious tasty juicy
televisions,quality,pixilated pixilated clear
burgers,price,pricey value pricey steep
burgers,price,pricey pricey
televisions,price,expensive fancy expensive affordable
televisions,price,fancy affordable economical value
televisions,quality,clear pixilated fabulous
televisions,price,expensive fancy
burgers,quality,tasty delicious fantastic
burgers,price,steep steep pricey ouch
burgers,quality,tasty juicy delicious
televisions,price,economical fancy value
burgers,price,ouch steep cheap
burgers,price,ouch pricey steep
burgers,quality,fantastic juicy
burgers,price,steep value cheap value
burgers,quality,fantastic delicious nasty tasty
burgers,quality,delicious delicious juicy
burgers,quality,delicious delicious
burgers,price,cheap ouch steep pricey
televisions,price,value affordable fancy value
burgers,quality,nasty juicy
televisions,price,affordable fancy affordable economical
televisions,price,fancy fancy
burgers,quality,nasty delicious tasty juicy
televisions,quality,clear sharp fantastic
burgers,price,pricey steep value steep
burgers,price,value ouch cheap
televisions,quality,pixilated pixilated pixilated
televisions,quality,fabulous sharp pixilated fantastic
televisions,quality,pixilated fabulous clear
televisions,quality,clear sharp pixilated
televisions,price,economical expensive expensive
televisions,price,affordable affordable expensive economical
burgers,quality,juicy fantastic nasty tasty
burgers,price,ouch cheap ouch
burgers,quality,delicious fantastic fantastic
burgers,price,pricey ouch
burgers,price,steep pricey pricey
burgers,price,value ouch
televisions,quality,clear pixilated sharp clear
burgers,price,steep ouch steep
televisions,price,value affordable economical
televisions,price,expensive fancy fancy
burgers,price,steep steep pricey
burgers,price,ouch steep value
burgers,price,pricey steep steep ouch
burgers,price,value cheap
burgers,price,steep value cheap
televisions,price,expensive fancy
burgers,price,value steep ouch
burgers,price,steep ouch value steep
televisions,quality,pixilated clear clear fantastic
televisions,quality,clear pixilated
televisions,price,fancy fancy
burgers,price,value pricey pricey pricey
televisions,price,value expensive fancy
televisions,quality,sharp sharp fabulous
burgers,quality,nasty juicy fantastic
burgers,price,ouch pricey ouch value
televisions,quality,fabulous pixilated
burgers,price,steep cheap
televisions,price,fancy expensive value
televisions,price,value value affordable
burgers,quality,juicy tasty fantastic tasty
burgers,quality,tasty nasty tasty juicy
burgers,quality,delicious fantastic fantastic
burgers,price,value steep value
burgers,quality,delicious delicious
televisions,price,affordable affordable fancy fancy
televisions,quality,sharp clear pixilated
televisions,price,expensive value fancy value
televisions,price,expensive expensive economical economical
televisions,price,fancy fancy value
burgers,quality,juicy nasty tasty
burgers,price,cheap cheap value pricey
burgers,price,value pricey
burgers,price,steep pricey
televisions,quality,sharp fantastic
burgers,price,cheap steep
televisions,quality,pixilated clear sharp
televisions,quality,fantastic fabulous fantastic
televisions,quality,pixilated clear clear
televisions,price,economical affordable value
televisions,quality,fabulous fabulous sharp fabulous
burgers,quality,tasty nasty
televisions,quality,fantastic sharp fantastic fabulous
burgers,price,value steep ouch pricey
burgers,quality,delicious tasty
televisions,quality,fantastic pixilated
burgers,price,cheap cheap pricey steep
burgers,price,pricey steep pricey
televisions,quality,clear sharp
televisions,price,economical economical expensive
burgers,quality,tasty tasty juicy tasty
televisions,price,expensive affordable value economical
televisions,quality,pixilated fabulous fabulous clear
burgers,quality,juicy tasty delicious
televisions,quality,pixilated fabulous
televisions,price,value value affordable
televisions,quality,pixilated pixilated fantastic
televisions,quality,fantastic fabulous clear clear
televisions,quality,fabulous fabulous pixilated
televisions,quality,fantastic fantastic fantastic
burgers,price,value ouch steep
burgers,quality,delicious nasty juicy
televisions,price,affordable value
televisions,price,fancy economical
burgers,price,steep pricey steep cheap
burgers,price,ouch value pricey value
burgers,price,steep value
burgers,quality,juicy nasty
televisions,quality,sharp fabulous sharp
televisions,price,affordable affordable affordable
televisions,quality,sharp fabulous clear
televisions,quality,pixilated clear pixilated
burgers,quality,tasty nasty fantastic
burgers,price,ouch ouch cheap
televisions,price,fancy fancy fancy
televisions,price,economical value expensive
televisions,price,affordable expensive
burgers,price,steep value cheap pricey
televisions,price,expensive expensive value economical
televisions,quality,pixilated fabulous fabulous fantastic
burgers,quality,nasty fantastic delicious juicy
televisions,quality,pixilated sharp fabulous clear
televisions,price,economical affordable affordable
burgers,quality,juicy juicy delicious nasty
televisions,quality,clear clear clear pixilated
burgers,price,steep value steep
burgers,quality,delicious delicious delicious
burgers,quality,nasty juicy fantastic juicy
televisions,quality,fantastic clear
burgers,quality,juicy tasty juicy tasty
burgers,quality,fantastic delicious delicious
burgers,price,value steep
burgers,price,cheap value value
burgers,price,value pricey pricey
televisions,price,affordable value fancy fancy
burgers,quality,juicy tasty delicious
burgers,quality,fantastic nasty juicy
televisions,quality,pixilated clear pixilated
televisions,price,expensive affordable
televisions,quality,pixilated sharp
televisions,quality,pixilated clear fantastic fabulous
televisions,price,value value
televisions,quality,sharp pixilated fantastic clear
burgers,price,cheap ouch pricey
televisions,quality,clear fantastic
burgers,price,value pricey pricey
televisions,price,affordable expensive affordable fancy
televisions,price,economical fancy fancy
televisions,quality,clear fabulous pixilated
burgers,quality,nasty juicy fantastic
televisions,price,fancy fancy value
televisions,quality,clear clear fantastic clear
burgers,quality,delicious juicy
televisions,quality,fabulous sharp pixilated
burgers,price,pricey ouch pricey ouch
televisions,quality,pixilated pixilated fantastic
televisions,quality,clear fantastic fabulous fantastic
burgers,quality,fantastic fantastic tasty
burgers,quality,fantastic tasty delicious nasty
televisions,quality,sharp sharp
burgers,price,steep pricey
burgers,quality,nasty nasty
burgers,quality,delicious juicy
televisions,quality,pixilated fabulous fabulous fantastic
televisions,quality,sharp sharp pixilated
burgers,price,steep pricey
televisions,price,economical affordable economical
burgers,quality,juicy nasty
televisions,price,economical expensive
televisions,quality,fabulous sharp fabulous
televisions,quality,fantastic sharp
televisions,quality,fabulous clear clear
televisions,price,value economical
burgers,quality,nasty juicy juicy
burgers,quality,juicy fantastic
televisions,price,expensive economical economical
televisions,quality,pixilated fantastic fabulous clear
televisions,quality,sharp clear clear fantastic
burgers,price,steep pricey value
televisions,price,value expensive expensive fancy
televisions,price,expensive expensive
televisions,quality,sharp sharp fabulous fantastic
televisions,price,value value value
televisions,quality,pixilated fabulous clear
televisions,quality,sharp fabulous fantastic sharp
burgers,quality,juicy tasty delicious
televisions,quality,fabulous sharp
burgers,quality,fantastic fantastic juicy juicy
televisions,price,fancy expensive fancy
burgers,quality,juicy nasty fantastic tasty
burgers,quality,juicy juicy nasty nasty
burgers,quality,tasty delicious
televisions,quality,sharp fabulous
televisions,price,affordable economical affordable fancy
televisions,quality,sharp fantastic fabulous clear
burgers,quality,tasty juicy juicy
burgers,price,steep value value
burgers,quality,tasty delicious nasty juicy
televisions,quality,sharp fabulous pixilated fantastic
burgers,quality,nasty juicy delicious
televisions,quality,fantastic pixilated pixilated
televisions,quality,pixilated sharp clear
televisions,quality,clear fabulous pixilated
televisions,quality,clear fabulous sharp
burgers,price,value cheap
burgers,quality,tasty delicious tasty juicy
televisions,quality,fantastic sharp
televisions,quality,fantastic sharp pixilated fantastic
burgers,price,pricey cheap steep steep
burgers,price,pricey cheap
televisions,quality,fantastic fabulous
burgers,price,ouch steep steep
televisions,price,economical affordable value
televisions,price,affordable affordable affordable
burgers,quality,delicious nasty
burgers,price,steep pricey pricey cheap
burgers,quality,juicy tasty fantastic
burgers,quality,tasty tasty delicious juicy
televisions,quality,clear sharp
televisions,quality,pixilated fabulous fabulous fantastic
burgers,price,cheap pricey steep cheap
televisions,quality,pixilated pixilated fantastic pixilated
televisions,quality,fantastic sharp sharp
burgers,price,pricey pricey value value
televisions,quality,sharp clear fabulous clear
burgers,quality,delicious fantastic tasty tasty
burgers,price,ouch steep
televisions,quality,fantastic fantastic fantastic fantastic
burgers,price,cheap cheap cheap cheap
televisions,quality,sharp clear sharp
televisions,price,fancy fancy economical value
televisions,price,fancy affordable expensive economical
burgers,quality,tasty nasty juicy juicy
televisions,price,value expensive
televisions,quality,fabulous sharp
burgers,quality,juicy juicy juicy
televisions,quality,clear sharp
burgers,price,value pricey cheap value
televisions,price,economical fancy affordable fancy
televisions,quality,clear clear fabulous
televisions,price,economical fancy affordable affordable
burgers,quality,nasty nasty nasty
burgers,quality,delicious nasty
televisions,price,economical economical
burgers,price,steep steep
burgers,price,value pricey
televisions,quality,pixilated pixilated clear fabulous
televisions,price,affordable fancy economical
televisions,quality,sharp fantastic clear fantastic
televisions,quality,fabulous fabulous clear fabulous
televisions,price,economical value
burgers,price,ouch cheap cheap
burgers,quality,juicy delicious delicious fantastic
televisions,quality,clear sharp fantastic
burgers,price,cheap steep cheap
televisions,quality,fabulous pixilated clear
televisions,price,value fancy economical economical
televisions,price,fancy economical expensive economical
televisions,price,affordable expensive fancy value
televisions,price,fancy expensive affordable fancy
burgers,quality,delicious fantastic tasty
televisions,quality,sharp fabulous fantastic
televisions,price,value economical expensive affordable
burgers,price,steep cheap
televisions,price,economical fancy economical affordable
burgers,price,pricey pricey
televisions,quality,pixilated fabulous pixilated
televisions,price,fancy expensive
burgers,quality,tasty tasty tasty tasty
televisions,quality,clear sharp pixilated
televisions,price,fancy economical
burgers,quality,tasty fantastic fantastic nasty
burgers,quality,nasty delicious fantastic nasty
burgers,price,pricey ouch pricey ouch
burgers,quality,fantastic juicy juicy nasty
televisions,quality,pixilated sharp fabulous
televisions,quality,clear fabulous
televisions,price,expensive fancy economical
televisions,quality,clear sharp sharp pixilated
televisions,price,affordable fancy
burgers,quality,delicious fantastic tasty delicious
burgers,quality,nasty delicious juicy delicious
burgers,price,value value
televisions,quality,fantastic sharp pixilated fantastic
televisions,quality,fantastic fantastic
burgers,price,cheap value
televisions,quality,fabulous fabulous clear
burgers,quality,nasty delicious tasty
televisions,price,expensive affordable fancy affordable
televisions,quality,clear pixilated sharp clear
televisions,quality,sharp fantastic clear sharp
televisions,quality,pixilated pixilated pixilated sharp
burgers,price,ouch pricey value value
burgers,quality,delicious nasty fantastic delicious
burgers,price,value cheap ouch ouch
televisions,price,expensive fancy expensive fancy
burgers,quality,nasty delicious fantastic delicious
burgers,quality,juicy juicy
burgers,quality,nasty nasty delicious
televisions,quality,clear pixilated sharp
burgers,price,pricey pricey pricey
televisions,quality,pixilated fabulous
burgers,quality,juicy fantastic fantastic
televisions,price,affordable fancy
burgers,price,ouch pricey value
burgers,quality,juicy fantastic tasty nasty
burgers,price,pricey steep cheap
televisions,quality,sharp fantastic pixilated
burgers,price,steep steep
televisions,price,economical affordable expensive
burgers,quality,juicy juicy tasty
televisions,quality,fantastic clear
burgers,quality,tasty tasty
burgers,price,ouch pricey steep
televisions,price,economical value economical affordable
burgers,price,value pricey
televisions,price,affordable expensive fancy
televisions,quality,sharp pixilated pixilated pixilated
burgers,quality,fantastic nasty
burgers,quality,nasty juicy fantastic delicious
burgers,price,cheap value pricey
burgers,price,cheap cheap cheap
televisions,price,fancy fancy expensive value
televisions,quality,sharp fabulous sharp clear
burgers,price,cheap value steep
burgers,quality,nasty delicious tasty nasty
televisions,price,fancy economical affordable
burgers,price,pricey value value
burgers,quality,juicy nasty tasty nasty
burgers,price,ouch steep ouch ouch
televisions,price,affordable value economical economical
televisions,price,value expensive expensive
burgers,price,steep cheap value value
televisions,quality,clear fantastic
televisions,quality,fantastic fantastic fantastic clear
burgers,price,ouch ouch
televisions,price,fancy expensive value
televisions,quality,fabulous fantastic
televisions,price,expensive economical value
burgers,price,steep cheap cheap steep
burgers,quality,fantastic juicy fantastic juicy
burgers,quality,delicious juicy tasty
televisions,price,fancy fancy value
burgers,price,ouch ouch cheap
televisions,quality,sharp sharp
burgers,quality,nasty fantastic nasty
burgers,price,ouch steep steep value
burgers,price,pricey cheap
televisions,price,expensive value fancy fancy
burgers,quality,tasty delicious tasty
televisions,price,fancy expensive
televisions,quality,fantastic fantastic fantastic fabulous
televisions,quality,clear fabulous clear
burgers,quality,juicy tasty juicy fantastic
burgers,quality,juicy delicious tasty
burgers,price,ouch value
televisions,price,affordable expensive
burgers,quality,tasty juicy fantastic fantastic
burgers,price,steep ouch cheap cheap
burgers,price,pricey ouch cheap
televisions,quality,sharp fabulous
burgers,price,value steep pricey steep
televisions,price,affordable expensive economical affordable
burgers,price,ouch steep pricey
burgers,price,steep pricey steep pricey
burgers,quality,tasty nasty
televisions,quality,fabulous sharp fabulous
televisions,price,value fancy affordable economical
burgers,price,steep ouch
televisions,price,value value
televisions,price,economical expensive
televisions,price,economical value economical
burgers,quality,nasty tasty
burgers,price,steep ouch value
televisions,price,fancy economical affordable
televisions,quality,fabulous pixilated fantastic
televisions,price,expensive economical affordable
burgers,price,value cheap pricey
televisions,quality,pixilated fabulous sharp fabulous
televisions,quality,pixilated clear
televisions,quality,fabulous sharp fantastic
televisions,quality,clear fantastic clear
burgers,quality,tasty tasty juicy juicy
televisions,price,economical value affordable
burgers,quality,fantastic juicy delicious
televisions,price,value fancy value fancy
burgers,quality,fantastic delicious juicy
televisions,quality,fantastic fabulous fantastic
televisions,quality,sharp fantastic
burgers,price,ouch cheap ouch
televisions,quality,fabulous fabulous sharp
burgers,price,steep value value pricey
burgers,quality,delicious nasty juicy nasty
burgers,price,value ouch
burgers,quality,juicy nasty juicy tasty
burgers,quality,tasty delicious juicy tasty
burgers,price,steep cheap
televisions,price,fancy affordable
burgers,price,pricey pricey
burgers,price,pricey steep
televisions,price,value affordable
burgers,price,cheap pricey
televisions,price,economical expensive
burgers,price,steep value
burgers,quality,delicious fantastic
burgers,quality,nasty fantastic fantastic delicious
televisions,price,value fancy expensive
televisions,price,value expensive fancy economical
televisions,price,economical value economical
burgers,price,value pricey
burgers,price,ouch value steep value
televisions,quality,clear fantastic
televisions,quality,clear sharp
burgers,price,steep ouch
televisions,quality,clear fabulous sharp pixilated
burgers,price,value steep value value
burgers,price,pricey value steep
televisions,price,expensive fancy fancy fancy
burgers,price,cheap cheap ouch
burgers,quality,juicy fantastic
burgers,quality,fantastic juicy
televisions,quality,fabulous sharp fantastic fantastic
burgers,quality,nasty delicious
televisions,price,economical fancy
burgers,quality,tasty delicious nasty nasty
televisions,quality,clear sharp
burgers,price,cheap pricey cheap value
burgers,price,ouch steep
televisions,quality,pixilated sharp clear pixilated
televisions,quality,clear fabulous sharp
burgers,price,ouch ouch
televisions,quality,sharp fantastic sharp fantastic
televisions,quality,clear clear
burgers,price,steep pricey
burgers,quality,delicious juicy
burgers,price,ouch steep pricey
burgers,quality,tasty fantastic
burgers,price,steep ouch
burgers,quality,nasty delicious fantastic
televisions,price,affordable expensive affordable
burgers,price,pricey cheap steep
televisions,price,economical expensive affordable fancy
burgers,price,ouch ouch value steep
televisions,price,value economical
televisions,price,fancy fancy
televisions,price,economical affordable
burgers,price,pricey pricey
burgers,price,ouch pricey value cheap
burgers,price,cheap cheap value pricey
televisions,quality,pixilated pixilated clear pixilated
burgers,quality,delicious nasty
burgers,quality,juicy nasty fantastic fantastic
televisions,price,affordable value fancy
televisions,price,expensive affordable affordable
burgers,price,steep value
televisions,price,fancy value fancy affordable
burgers,price,pricey pricey
burgers,price,pricey steep pricey pricey
burgers,price,ouch value
burgers,quality,juicy delicious tasty nasty
burgers,quality,tasty delicious tasty delicious
burgers,price,value steep value ouch
burgers,price,ouch steep steep
burgers,price,value ouch ouch ouch
televisions,quality,fantastic clear fantastic fabulous
burgers,quality,delicious nasty nasty
burgers,quality,tasty juicy tasty fantastic
burgers,price,cheap steep ouch steep
burgers,quality,juicy tasty delicious tasty
burgers,price,steep ouch ouch pricey
burgers,quality,nasty tasty
televisions,price,economical expensive affordable
televisions,price,fancy economical value
burgers,price,pricey value value
burgers,quality,juicy fantastic delicious
televisions,quality,sharp fantastic pixilated fabulous
televisions,quality,pixilated pixilated fantastic fantastic
televisions,price,expensive value
televisions,price,economical fancy expensive fancy
televisions,price,affordable fancy fancy
televisions,quality,clear fantastic pixilated pixilated
burgers,quality,tasty delicious nasty nasty
televisions,quality,pixilated fabulous fabulous
burgers,price,steep cheap pricey
burgers,quality,fantastic delicious
televisions,quality,pixilated clear clear
burgers,price,steep pricey
televisions,price,fancy economical expensive
televisions,quality,pixilated clear
burgers,quality,tasty tasty
burgers,quality,fantastic fantastic juicy
burgers,price,ouch steep ouch steep
televisions,quality,fantastic fantastic clear sharp
televisions,price,fancy expensive fancy affordable
burgers,quality,nasty juicy delicious
burgers,quality,nasty fantastic nasty tasty
burgers,quality,nasty fantastic tasty
televisions,quality,fabulous sharp
televisions,price,affordable affordable
burgers,quality,juicy tasty nasty fantastic
televisions,quality,sharp clear fabulous
burgers,quality,tasty tasty tasty nasty
burgers,price,steep cheap ouch cheap
televisions,price,expensive expensive affordable expensive
burgers,quality,juicy delicious fantastic
burgers,price,steep pricey cheap pricey
televisions,price,fancy affordable
televisions,quality,clear clear
burgers,quality,fantastic juicy
televisions,quality,pixilated fabulous fabulous
televisions,price,expensive fancy affordable value
televisions,price,value value economical
televisions,quality,fantastic clear sharp
televisions,quality,fabulous sharp pixilated clear
burgers,price,value pricey steep ouch
televisions,quality,sharp sharp fantastic fantastic
televisions,quality,sharp fabulous
televisions,price,affordable value fancy expensive
burgers,price,value pricey cheap pricey
burgers,quality,nasty tasty
burgers,price,steep steep
burgers,price,pricey ouch pricey ouch
burgers,price,value steep
burgers,price,value steep
burgers,quality,delicious nasty juicy
televisions,price,expensive expensive
televisions,quality,pixilated fabulous
burgers,quality,tasty delicious
burgers,price,pricey ouch
burgers,quality,delicious fantastic
televisions,price,fancy affordable expensive economical
televisions,price,fancy value value value
burgers,price,steep ouch value pricey
televisions,quality,pixilated fabulous pixilated clear
televisions,price,expensive expensive
burgers,quality,tasty nasty nasty
burgers,price,pricey ouch value
burgers,price,cheap pricey value pricey
televisions,quality,pixilated sharp pixilated
televisions,price,affordable value expensive affordable
televisions,quality,fantastic fantastic
burgers,quality,delicious nasty tasty nasty
burgers,quality,tasty delicious nasty delicious
burgers,price,ouch value pricey
televisions,price,affordable economical value fancy
burgers,quality,fantastic juicy
burgers,price,ouch value cheap
burgers,price,ouch steep value
televisions,quality,pixilated clear clear
burgers,quality,juicy juicy juicy tasty
burgers,quality,tasty tasty nasty
televisions,quality,fabulous fabulous
televisions,quality,clear fantastic
televisions,quality,clear clear
burgers,quality,tasty fantastic
televisions,quality,fabulous fabulous sharp fabulous
burgers,quality,fantastic juicy
burgers,quality,tasty juicy delicious
burgers,quality,juicy fantastic fantastic
burgers,quality,fantastic juicy nasty fantastic
burgers,quality,juicy delicious juicy fantastic
televisions,price,fancy economical value fancy
televisions,quality,pixilated fabulous
burgers,quality,nasty tasty nasty
burgers,price,cheap value value cheap
televisions,price,affordable economical fancy
burgers,quality,fantastic fantastic delicious tasty
burgers,price,ouch pricey
burgers,price,value ouch steep
televisions,price,value value expensive expensive
televisions,price,affordable value
burgers,quality,tasty fantastic
televisions,price,fancy affordable
burgers,quality,nasty fantastic tasty fantastic
televisions,quality,sharp fantastic pixilated pixilated
burgers,quality,delicious fantastic
televisions,price,fancy value value
burgers,price,pricey ouch steep
burgers,quality,delicious tasty tasty
burgers,quality,fantastic tasty tasty
televisions,price,fancy economical economical value
burgers,price,pricey steep steep value
televisions,quality,clear clear fantastic
burgers,quality,delicious juicy delicious fantastic
burgers,price,steep pricey ouch
televisions,quality,fantastic clear sharp sharp
televisions,price,affordable fancy fancy fancy
burgers,price,steep value
burgers,price,cheap value ouch
burgers,quality,tasty tasty delicious tasty
burgers,quality,tasty delicious juicy
burgers,price,pricey steep
televisions,price,expensive affordable affordable economical
televisions,quality,clear sharp clear
burgers,price,steep value value steep
televisions,quality,sharp sharp clear pixilated
burgers,price,value steep
televisions,price,fancy expensive economical
burgers,quality,tasty delicious
burgers,price,steep cheap
televisions,price,value fancy economical expensive
televisions,quality,pixilated clear
burgers,quality,nasty tasty fantastic delicious
burgers,price,pricey steep ouch
burgers,price,ouch pricey
burgers,price,cheap pricey
burgers,price,ouch pricey steep pricey
burgers,price,value value pricey
televisions,quality,pixilated sharp
televisions,quality,clear fantastic pixilated fantastic
burgers,quality,fantastic nasty juicy nasty
burgers,quality,nasty nasty
burgers,price,ouch steep steep value
televisions,quality,sharp fantastic clear fabulous
televisions,price,fancy affordable expensive
televisions,price,economical affordable economical affordable
burgers,price,pricey pricey
televisions,quality,pixilated fabulous
burgers,quality,juicy juicy juicy juicy
televisions,price,affordable fancy expensive
burgers,price,cheap pricey ouch
televisions,quality,pixilated sharp fantastic pixilated
televisions,quality,clear pixilated fabulous
televisions,quality,fabulous fabulous fantastic
burgers,price,steep cheap
televisions,price,value fancy value expensive
burgers,quality,juicy nasty delicious
televisions,quality,pixilated clear
burgers,quality,delicious fantastic tasty delicious
televisions,price,affordable fancy
televisions,price,fancy value affordable economical
burgers,quality,fantastic juicy fantastic nasty
televisions,quality,pixilated pixilated
burgers,quality,juicy delicious tasty delicious
burgers,quality,juicy tasty juicy nasty
burgers,quality,delicious juicy fantastic
burgers,quality,nasty fantastic tasty delicious
burgers,quality,fantastic delicious
televisions,price,affordable economical expensive
televisions,price,expensive economical value value
televisions,quality,sharp clear sharp fantastic
burgers,price,ouch ouch ouch pricey
burgers,quality,tasty fantastic nasty nasty
burgers,price,ouch pricey
televisions,price,fancy value affordable
televisions,price,affordable fancy
burgers,price,ouch ouch
televisions,price,expensive economical economical
televisions,price,economical affordable value value
burgers,price,value steep pricey ouch
burgers,price,value pricey
burgers,price,ouch steep pricey ouch
burgers,price,steep steep ouch
televisions,quality,sharp fantastic
televisions,quality,fabulous fantastic
televisions,quality,pixilated fabulous fantastic
burgers,price,value cheap pricey cheap
burgers,price,steep value cheap
burgers,price,steep pricey
televisions,price,value expensive expensive fancy
burgers,price,ouch pricey value
burgers,price,ouch steep
burgers,quality,delicious tasty tasty
burgers,price,pricey value
televisions,price,economical expensive expensive
televisions,price,affordable fancy expensive value
televisions,quality,fantastic clear clear pixilated
televisions,quality,clear sharp
burgers,quality,tasty tasty delicious
burgers,price,cheap steep steep cheap
burgers,quality,fantastic tasty delicious juicy
burgers,quality,nasty tasty juicy juicy
burgers,quality,nasty nasty nasty
burgers,quality,delicious nasty fantastic
burgers,price,pricey cheap pricey value
burgers,price,steep ouch value
burgers,quality,fantastic delicious
televisions,price,economical fancy fancy
burgers,price,pricey cheap pricey cheap
televisions,price,affordable value
burgers,quality,juicy fantastic juicy
burgers,quality,juicy delicious
televisions,quality,fantastic pixilated fantastic sharp
televisions,quality,fabulous pixilated fantastic
burgers,price,steep pricey ouch
televisions,quality,pixilated pixilated fabulous sharp
televisions,quality,fabulous sharp pixilated pixilated
burgers,price,steep value pricey ouch
burgers,quality,delicious juicy delicious fantastic
burgers,price,cheap value ouch ouch
televisions,price,affordable economical
burgers,price,cheap pricey ouch
burgers,price,cheap steep
burgers,quality,fantastic fantastic delicious
televisions,quality,fantastic fabulous
televisions,quality,sharp fabulous fantastic
burgers,price,ouch ouch cheap
televisions,quality,sharp fabulous
burgers,quality,juicy nasty tasty nasty
burgers,quality,juicy juicy
televisions,price,value expensive
televisions,quality,fabulous fabulous
televisions,quality,fabulous pixilated
televisions,quality,sharp pixilated
televisions,quality,fabulous pixilated fabulous
televisions,quality,clear clear pixilated clear
televisions,quality,sharp fabulous clear
televisions,price,value economical
televisions,price,economical value affordable
televisions,quality,fantastic pixilated
televisions,price,economical fancy affordable fancy
burgers,quality,fantastic tasty tasty
televisions,price,economical fancy
burgers,price,ouch pricey
burgers,quality,tasty juicy
burgers,quality,fantastic nasty juicy
burgers,quality,juicy delicious
televisions,price,expensive expensive expensive economical
burgers,quality,nasty delicious delicious delicious
burgers,quality,tasty tasty juicy
televisions,quality,fabulous sharp
televisions,quality,fantastic clear
burgers,quality,nasty tasty tasty
burgers,price,ouch ouch
televisions,quality,sharp fabulous
burgers,quality,juicy tasty nasty nasty
burgers,price,value pricey pricey
televisions,quality,sharp fantastic clear sharp
burgers,price,steep value ouch
burgers,price,ouch pricey steep
televisions,price,affordable value expensive
burgers,quality,nasty nasty delicious tasty
burgers,quality,delicious fantastic delicious tasty
burgers,quality,fantastic juicy
televisions,quality,fantastic clear fantastic clear
televisions,quality,sharp clear
burgers,quality,delicious delicious
televisions,price,value affordable
burgers,price,ouch cheap value
burgers,price,ouch pricey ouch cheap
burgers,quality,delicious nasty nasty
televisions,price,value affordable
burgers,price,pricey steep
televisions,quality,clear sharp fantastic sharp
televisions,quality,fantastic fantastic sharp fabulous
televisions,price,expensive fancy affordable
televisions,quality,clear pixilated clear pixilated
televisions,quality,sharp clear fantastic sharp
burgers,price,value pricey value ouch
burgers,price,value pricey
televisions,quality,clear fabulous
burgers,quality,delicious nasty nasty tasty
burgers,quality,tasty delicious nasty nasty
burgers,quality,delicious delicious
televisions,quality,clear clear
televisions,quality,fantastic fabulous pixilated sharp
televisions,price,value fancy affordable affordable
burgers,quality,delicious delicious tasty
televisions,quality,sharp sharp clear
burgers,quality,fantastic fantastic fantastic juicy
burgers,quality,fantastic nasty
burgers,quality,tasty fantastic nasty delicious
burgers,price,value pricey steep
televisions,quality,fantastic fantastic
burgers,price,pricey pricey ouch ouch
televisions,price,expensive economical
burgers,price,steep cheap cheap ouch
televisions,price,fancy expensive expensive economical
televisions,price,fancy expensive economical expensive
burgers,price,ouch pricey
burgers,quality,tasty juicy
televisions,quality,pixilated clear
televisions,quality,fantastic pixilated sharp fabulous
burgers,price,cheap value pricey pricey
televisions,quality,fantastic fabulous fabulous clear
burgers,quality,fantastic nasty delicious delicious
televisions,quality,sharp clear
televisions,price,fancy fancy
televisions,quality,sharp clear fabulous fantastic
burgers,quality,delicious juicy
burgers,price,steep ouch steep pricey
televisions,quality,pixilated clear clear pixilated
burgers,price,cheap steep
televisions,quality,sharp clear fantastic
burgers,price,pricey value ouch steep
televisions,quality,fantastic fabulous
burgers,price,ouch pricey steep ouch
televisions,quality,sharp clear fabulous
televisions,quality,fabulous pixilated
burgers,quality,fantastic fantastic delicious
televisions,quality,pixilated fabulous sharp
televisions,quality,sharp pixilated
burgers,quality,tasty juicy
burgers,price,cheap ouch cheap
burgers,price,steep steep value ouch
televisions,quality,pixilated pixilated fabulous fabulous
burgers,quality,delicious tasty fantastic fantastic
burgers,quality,juicy fantastic nasty juicy
televisions,price,economical fancy
televisions,quality,fabulous pixilated
televisions,price,value fancy
burgers,price,pricey ouch pricey
burgers,price,steep pricey
televisions,price,expensive expensive economical affordable
burgers,quality,juicy juicy
burgers,price,steep cheap
televisions,quality,clear sharp fantastic fantastic
televisions,price,affordable fancy
burgers,quality,tasty nasty juicy
televisions,quality,pixilated pixilated clear clear
burgers,quality,juicy delicious
burgers,quality,juicy juicy juicy delicious
burgers,quality,fantastic delicious tasty
televisions,quality,fabulous sharp sharp fantastic
burgers,quality,juicy tasty
televisions,quality,fantastic fabulous fantastic fantastic
televisions,price,affordable expensive
burgers,price,pricey cheap
televisions,quality,sharp fantastic fabulous pixilated
burgers,quality,tasty nasty fantastic tasty
televisions,quality,fabulous fabulous sharp pixilated
burgers,quality,delicious fantastic
burgers,price,ouch cheap ouch
televisions,price,expensive fancy affordable fancy
televisions,price,economical fancy economical
televisions,price,fancy fancy
burgers,price,steep value cheap
burgers,quality,nasty delicious tasty
burgers,price,ouch value
burgers,price,cheap cheap ouch
burgers,price,cheap value
televisions,quality,fantastic fabulous
burgers,price,cheap steep
televisions,quality,fantastic sharp fantastic sharp
burgers,price,ouch value
televisions,price,affordable affordable economical
burgers,price,pricey value
burgers,price,steep pricey ouch
televisions,quality,clear fabulous pixilated sharp
televisions,price,economical value
televisions,price,fancy value affordable expensive
televisions,quality,sharp sharp sharp sharp
televisions,quality,pixilated pixilated clear clear
burgers,quality,delicious delicious nasty delicious
burgers,quality,tasty fantastic delicious delicious
televisions,price,value fancy fancy economical
burgers,quality,tasty fantastic nasty
burgers,price,value value
burgers,price,steep steep
televisions,quality,pixilated fantastic clear fabulous
burgers,quality,fantastic tasty fantastic tasty
televisions,price,expensive affordable expensive economical
televisions,quality,pixilated clear
televisions,quality,pixilated sharp fantastic
televisions,quality,fabulous fantastic pixilated
televisions,quality,clear sharp
burgers,quality,delicious nasty nasty delicious
burgers,price,cheap value
burgers,quality,fantastic fantastic nasty tasty
burgers,quality,tasty tasty delicious delicious
televisions,quality,sharp sharp clear sharp
televisions,price,expensive affordable economical economical
televisions,quality,clear clear clear fantastic
burgers,quality,juicy tasty tasty
burgers,price,pricey cheap value ouch
burgers,price,pricey value cheap
televisions,quality,pixilated fabulous
televisions,price,value affordable
televisions,quality,pixilated pixilated
televisions,quality,clear pixilated
burgers,quality,delicious juicy fantastic
televisions,price,expensive economical expensive
televisions,price,expensive fancy affordable fancy
televisions,quality,sharp pixilated
burgers,quality,delicious delicious fantastic
televisions,quality,fabulous pixilated clear
televisions,price,expensive fancy expensive
televisions,price,value economical
televisions,quality,clear clear sharp
burgers,quality,delicious fantastic
burgers,price,cheap steep
televisions,quality,fabulous fantastic sharp clear
burgers,quality,tasty fantastic tasty
televisions,quality,clear fantastic
televisions,price,fancy affordable
televisions,quality,fantastic pixilated clear clear
burgers,price,steep cheap
burgers,price,pricey value ouch
burgers,quality,nasty fantastic juicy
burgers,price,steep pricey
televisions,price,affordable affordable affordable economical
televisions,quality,pixilated fantastic
burgers,quality,fantastic tasty delicious
burgers,price,pricey value ouch cheap
burgers,price,value pricey ouch
burgers,price,pricey pricey
burgers,quality,juicy tasty
televisions,quality,sharp fabulous sharp fantastic
burgers,quality,nasty fantastic delicious juicy
burgers,quality,tasty nasty nasty nasty
televisions,price,value value
televisions,quality,fabulous fantastic fabulous clear
burgers,price,steep ouch ouch
burgers,price,cheap value
televisions,quality,sharp sharp
televisions,price,value economical
televisions,quality,fantastic fabulous fabulous
televisions,price,fancy affordable expensive
burgers,price,ouch steep cheap pricey
burgers,price,steep steep
televisions,quality,fabulous fabulous
televisions,quality,clear sharp clear fabulous
televisions,price,value affordable
burgers,quality,juicy fantastic delicious
televisions,price,affordable affordable fancy
televisions,price,fancy economical economical
televisions,quality,pixilated pixilated
televisions,price,value affordable
televisions,quality,clear clear fabulous
televisions,price,expensive economical value
televisions,price,affordable value
televisions,quality,sharp sharp
burgers,price,pricey value pricey pricey
televisions,price,expensive expensive
televisions,price,affordable value expensive economical
burgers,quality,tasty tasty tasty nasty
burgers,quality,tasty nasty juicy
burgers,quality,nasty tasty fantastic
burgers,price,value ouch ouch steep
televisions,price,economical affordable fancy
televisions,price,economical value expensive economical
televisions,quality,pixilated sharp pixilated pixilated
burgers,price,steep pricey pricey value
burgers,quality,tasty tasty juicy tasty
burgers,quality,fantastic juicy
televisions,quality,pixilated fabulous
televisions,quality,pixilated fabulous clear
burgers,quality,nasty tasty
burgers,quality,tasty delicious tasty
televisions,quality,pixilated sharp
burgers,price,pricey cheap value
burgers,quality,nasty juicy tasty nasty
burgers,price,cheap steep ouch
televisions,price,fancy fancy affordable
burgers,quality,fantastic nasty juicy nasty
burgers,price,value value pricey
televisions,price,affordable expensive
televisions,price,expensive economical
burgers,price,ouch pricey
burgers,price,ouch cheap
televisions,price,fancy affordable economical
burgers,quality,juicy fantastic juicy
televisions,price,value fancy economical
televisions,quality,clear fantastic clear
burgers,quality,juicy fantastic juicy fantastic
televisions,price,affordable economical affordable
burgers,price,cheap ouch value value
burgers,quality,juicy delicious
televisions,price,economical expensive value fancy
burgers,price,cheap value pricey value
televisions,quality,fantastic fantastic fantastic
burgers,price,cheap ouch value pricey
televisions,quality,pixilated pixilated fabulous
televisions,price,affordable value affordable
televisions,price,affordable value fancy expensive
burgers,quality,fantastic fantastic fantastic juicy
burgers,quality,delicious fantastic tasty fantastic
burgers,price,ouch steep
burgers,quality,juicy nasty tasty fantastic
burgers,price,value cheap pricey
televisions,quality,sharp fantastic pixilated pixilated
burgers,quality,tasty delicious
televisions,price,economical value affordable fancy
burgers,price,cheap pricey steep
televisions,price,affordable economical
burgers,quality,fantastic juicy juicy fantastic
burgers,quality,tasty tasty nasty delicious
televisions,price,affordable fancy expensive affordable
burgers,quality,juicy delicious tasty nasty
televisions,price,fancy value affordable
burgers,price,cheap cheap
televisions,price,affordable value economical
televisions,price,value fancy value affordable
burgers,price,ouch ouch ouch steep
televisions,price,economical economical fancy value
burgers,quality,nasty tasty nasty juicy
televisions,quality,fabulous fantastic fabulous fabulous
televisions,price,economical economical affordable affordable
burgers,quality,delicious nasty juicy juicy
burgers,price,cheap steep
televisions,price,economical fancy affordable
burgers,quality,nasty nasty delicious fantastic
televisions,quality,fabulous pixilated
televisions,price,fancy expensive
burgers,quality,juicy delicious fantastic nasty
burgers,price,pricey pricey value
televisions,price,expensive economical
televisions,quality,fabulous clear
burgers,price,cheap ouch steep ouch
televisions,price,economical economical expensive affordable
burgers,quality,tasty fantastic tasty
burgers,quality,juicy nasty
burgers,quality,fantastic nasty delicious nasty
burgers,price,ouch steep cheap steep
televisions,quality,fantastic fantastic pixilated
televisions,quality,clear sharp fantastic pixilated
burgers,price,ouch value value ouch
burgers,quality,delicious juicy fantastic fantastic
burgers,price,cheap cheap steep pricey
televisions,quality,fabulous sharp sharp fabulous
televisions,quality,fantastic fantastic sharp
televisions,price,affordable value
televisions,quality,pixilated fabulous
televisions,price,value expensive economical
televisions,price,expensive affordable expensive
televisions,quality,clear pixilated fantastic sharp
burgers,quality,fantastic delicious juicy fantastic
burgers,quality,juicy nasty juicy tasty
televisions,quality,fabulous fabulous
televisions,quality,fabulous fantastic sharp
televisions,price,affordable economical value expensive
televisions,quality,pixilated sharp pixilated sharp
burgers,quality,tasty juicy nasty juicy
televisions,quality,fabulous sharp fantastic
burgers,price,pricey pricey
burgers,quality,juicy tasty juicy nasty
burgers,quality,nasty fantastic
burgers,price,steep steep
burgers,quality,delicious delicious delicious nasty
televisions,quality,fabulous pixilated fabulous
televisions,quality,pixilated fantastic sharp
televisions,price,expensive fancy economical
burgers,quality,delicious delicious delicious
burgers,price,ouch steep
burgers,quality,juicy fantastic juicy nasty
televisions,price,value expensive economical
burgers,quality,fantastic tasty
burgers,price,cheap pricey ouch ouch
televisions,price,economical expensive
burgers,quality,delicious fantastic fantastic fantastic
burgers,quality,tasty delicious delicious tasty
televisions,price,fancy value value
televisions,price,fancy expensive economical
televisions,price,value fancy
burgers,quality,tasty delicious nasty delicious
televisions,price,fancy value
televisions,price,economical fancy affordable affordable
televisions,quality,fantastic fabulous
burgers,quality,nasty delicious tasty
burgers,price,cheap pricey
burgers,quality,nasty delicious tasty juicy
televisions,quality,clear pixilated fantastic pixilated
televisions,quality,fabulous fantastic
televisions,quality,clear sharp pixilated fantastic
televisions,price,affordable fancy
burgers,price,steep cheap
burgers,quality,fantastic fantastic juicy
televisions,quality,fabulous clear fabulous
burgers,quality,fantastic tasty
burgers,price,pricey value ouch
burgers,price,value ouch steep
burgers,quality,juicy juicy juicy nasty
burgers,quality,nasty tasty tasty juicy
burgers,quality,tasty tasty delicious
burgers,price,pricey pricey
televisions,price,value value value expensive
burgers,quality,nasty tasty
televisions,quality,pixilated pixilated clear
burgers,price,pricey value
burgers,price,cheap steep pricey
burgers,price,cheap cheap cheap
burgers,price,steep pricey
televisions,price,fancy economical
televisions,price,affordable value
televisions,price,fancy value
televisions,quality,fabulous pixilated fabulous fantastic
televisions,quality,fantastic fantastic fabulous clear
televisions,price,expensive affordable economical fancy
televisions,price,expensive fancy expensive
burgers,quality,nasty tasty
burgers,price,cheap value pricey
televisions,price,affordable affordable affordable
burgers,price,ouch steep
televisions,price,economical value affordable
burgers,price,steep steep
burgers,quality,delicious juicy fantastic delicious
televisions,quality,clear clear clear clear
burgers,price,steep cheap
burgers,price,steep value
televisions,price,value economical
burgers,price,value value value steep
burgers,quality,juicy nasty
televisions,price,affordable affordable fancy
burgers,price,steep value ouch ouch
burgers,quality,delicious juicy
burgers,price,ouch cheap pricey cheap
televisions,quality,fabulous sharp
burgers,price,cheap value cheap pricey
televisions,price,expensive affordable
televisions,price,value affordable
televisions,price,affordable affordable
burgers,quality,delicious delicious
burgers,quality,fantastic juicy juicy nasty
burgers,price,ouch pricey pricey cheap
televisions,quality,sharp clear fantastic fabulous
televisions,quality,clear clear
televisions,price,affordable economical
burgers,quality,tasty fantastic delicious
televisions,quality,sharp fabulous
televisions,price,economical affordable affordable fancy
burgers,quality,tasty juicy tasty
burgers,quality,nasty delicious fantastic
burgers,price,ouch pricey ouch
televisions,price,economical value
burgers,price,steep ouch
televisions,price,value value affordable
burgers,quality,juicy tasty
burgers,quality,juicy juicy tasty delicious
televisions,price,value expensive affordable
televisions,quality,sharp pixilated pixilated
televisions,price,fancy affordable expensive
burgers,price,value pricey pricey value
burgers,price,value ouch cheap
televisions,quality,pixilated sharp fantastic
burgers,price,steep value value
televisions,quality,fantastic fantastic clear clear
televisions,price,economical fancy
televisions,quality,fantastic clear fabulous fabulous
burgers,quality,juicy tasty fantastic fantastic
televisions,quality,clear fabulous pixilated
burgers,price,steep ouch
burgers,price,ouch pricey
televisions,price,expensive value
burgers,quality,tasty tasty tasty juicy
burgers,price,ouch pricey value steep
televisions,price,affordable fancy economical
burgers,price,ouch value ouch
televisions,price,expensive expensive fancy
televisions,quality,fantastic pixilated pixilated
burgers,quality,tasty nasty delicious
televisions,quality,pixilated pixilated fantastic fabulous
televisions,quality,pixilated fantastic sharp
televisions,quality,clear sharp
televisions,price,value value
burgers,quality,delicious nasty juicy
burgers,price,cheap pricey cheap
televisions,quality,fantastic sharp fantastic
burgers,price,value ouch
televisions,quality,sharp fantastic
burgers,quality,juicy delicious delicious
televisions,price,value fancy affordable
televisions,quality,pixilated clear fantastic fantastic
burgers,quality,fantastic fantastic nasty nasty
burgers,price,pricey ouch
televisions,price,value value economical economical
burgers,quality,fantastic nasty juicy delicious
televisions,price,value expensive
televisions,quality,pixilated fantastic fabulous
televisions,quality,pixilated clear fabulous
burgers,quality,fantastic tasty
televisions,quality,clear clear
televisions,price,expensive expensive affordable value
burgers,price,ouch value pricey
televisions,price,affordable fancy
burgers,quality,juicy delicious
burgers,quality,delicious fantastic juicy
burgers,price,steep pricey
televisions,price,fancy value
televisions,quality,fabulous fantastic fabulous fabulous
burgers,price,cheap ouch
televisions,price,expensive expensive fancy fancy
televisions,quality,pixilated sharp
burgers,price,steep cheap
burgers,quality,delicious juicy juicy
burgers,quality,juicy tasty fantastic
burgers,quality,delicious juicy
burgers,quality,nasty tasty tasty nasty
televisions,price,value economical economical economical
televisions,quality,pixilated clear fabulous pixilated
burgers,quality,fantastic nasty tasty
burgers,quality,tasty tasty delicious
burgers,price,cheap pricey ouch cheap
burgers,quality,juicy fantastic juicy
televisions,quality,fantastic sharp pixilated
televisions,price,expensive fancy fancy economical
televisions,quality,pixilated pixilated sharp
burgers,quality,delicious tasty juicy tasty
burgers,price,steep value ouch steep
televisions,quality,fabulous fantastic
televisions,quality,fantastic sharp fantastic sharp
televisions,quality,fabulous clear pixilated fabulous
burgers,price,steep value cheap
burgers,quality,juicy juicy delicious tasty
televisions,price,fancy affordable affordable
burgers,quality,delicious delicious
televisions,price,affordable expensive
televisions,price,fancy fancy fancy
televisions,price,fancy fancy expensive value
televisions,price,expensive expensive affordable
televisions,price,value expensive economical value
televisions,quality,fantastic sharp pixilated
burgers,quality,nasty delicious
televisions,price,economical affordable economical
burgers,price,pricey cheap
televisions,quality,clear clear
televisions,quality,fabulous fantastic fabulous fabulous
televisions,quality,fantastic clear clear fantastic
burgers,quality,fantastic delicious
burgers,price,value value
burgers,quality,tasty juicy tasty
burgers,quality,tasty nasty
televisions,quality,clear fabulous fantastic clear
burgers,quality,delicious fantastic delicious tasty
televisions,price,value expensive
burgers,quality,juicy juicy fantastic nasty
burgers,quality,nasty delicious juicy
televisions,quality,fantastic pixilated sharp clear
burgers,price,ouch ouch
burgers,quality,juicy nasty
burgers,quality,juicy fantastic juicy
televisions,price,value fancy economical value
burgers,quality,tasty juicy nasty
televisions,quality,fabulous clear clear
televisions,quality,fabulous fantastic clear
televisions,price,economical value economical fancy
televisions,price,value value fancy
burgers,quality,juicy delicious
burgers,price,cheap cheap pricey
televisions,quality,fabulous fantastic fabulous fantastic
televisions,quality,fantastic fantastic fabulous
burgers,price,steep steep pricey
burgers,quality,tasty tasty
burgers,quality,fantastic tasty
burgers,price,cheap value cheap
burgers,price,cheap steep ouch
televisions,price,affordable expensive
televisions,price,expensive value value value
televisions,price,affordable economical
burgers,quality,tasty nasty
televisions,price,affordable economical
burgers,quality,fantastic fantastic fantastic
televisions,quality,fantastic sharp
burgers,quality,nasty nasty nasty
televisions,price,affordable value
televisions,quality,pixilated fantastic clear
burgers,quality,nasty delicious juicy
televisions,price,expensive economical economical fancy
televisions,quality,sharp fantastic sharp fabulous
burgers,price,ouch ouch
televisions,price,affordable affordable
burgers,price,pricey cheap ouch
televisions,price,economical expensive
burgers,quality,tasty juicy nasty tasty
burgers,quality,tasty fantastic
televisions,quality,fabulous sharp sharp fabulous
televisions,price,expensive value expensive
televisions,price,fancy expensive
burgers,quality,juicy tasty
burgers,quality,nasty fantastic fantastic delicious
televisions,quality,fabulous sharp
burgers,price,value cheap cheap
televisions,price,affordable expensive affordable
televisions,quality,clear pixilated clear pixilated
televisions,quality,fantastic pixilated
burgers,quality,tasty nasty
burgers,price,steep ouch value
televisions,price,value expensive affordable
televisions,quality,fabulous pixilated fabulous fabulous
televisions,price,expensive expensive fancy fancy
televisions,price,fancy fancy affordable
televisions,quality,fabulous fabulous fantastic
burgers,quality,delicious nasty nasty
televisions,quality,sharp fabulous sharp
televisions,price,expensive affordable affordable value
burgers,quality,nasty delicious
televisions,price,fancy affordable
burgers,price,cheap steep ouch
burgers,price,pricey ouch pricey
burgers,quality,tasty juicy
televisions,quality,pixilated sharp clear sharp
televisions,price,economical affordable value
burgers,price,value ouch cheap
televisions,quality,sharp sharp fantastic fantastic
televisions,quality,pixilated fantastic
televisions,price,affordable value economical
televisions,quality,fabulous fabulous clear sharp
burgers,quality,delicious delicious
burgers,price,ouch value ouch
burgers,price,cheap pricey
burgers,price,pricey pricey pricey cheap
televisions,price,economical fancy
burgers,price,cheap value pricey ouch
televisions,price,economical fancy expensive
burgers,price,value pricey
burgers,price,ouch value steep
televisions,price,economical fancy
televisions,quality,pixilated sharp
televisions,price,affordable fancy economical
burgers,quality,fantastic nasty
burgers,price,steep steep steep
televisions,price,fancy economical
televisions,price,economical value economical
televisions,price,expensive fancy economical fancy
burgers,price,pricey value steep steep
burgers,quality,tasty fantastic nasty
burgers,quality,tasty delicious nasty
televisions,price,expensive economical affordable value
televisions,price,expensive affordable
burgers,price,ouch cheap ouch
burgers,price,pricey cheap pricey
burgers,quality,juicy nasty fantastic fantastic
televisions,price,value expensive economical affordable
televisions,price,fancy affordable fancy value
televisions,price,value expensive economical
burgers,quality,juicy tasty nasty
televisions,quality,sharp fantastic
burgers,price,pricey cheap cheap
burgers,price,ouch pricey
burgers,price,steep ouch
televisions,price,economical economical economical value
televisions,price,economical expensive
burgers,quality,nasty fantastic nasty tasty
burgers,quality,delicious juicy nasty
burgers,price,value value pricey steep
burgers,quality,nasty tasty
televisions,quality,fabulous clear
burgers,quality,juicy nasty juicy
televisions,quality,fabulous pixilated fantastic clear
televisions,quality,sharp clear sharp
burgers,price,cheap value
burgers,quality,nasty nasty
televisions,quality,sharp fabulous sharp
televisions,price,expensive value
televisions,price,economical fancy fancy fancy
burgers,quality,fantastic nasty juicy delicious
televisions,quality,sharp pixilated
burgers,price,ouch ouch
burgers,quality,tasty delicious
burgers,price,ouch ouch pricey ouch
burgers,quality,nasty fantastic
burgers,price,cheap cheap pricey
televisions,quality,fantastic pixilated fabulous fabulous
burgers,quality,nasty delicious
burgers,quality,nasty delicious juicy
burgers,price,ouch value
televisions,quality,pixilated sharp
televisions,quality,pixilated fantastic
televisions,price,economical economical
televisions,quality,sharp pixilated fabulous sharp
televisions,price,fancy value affordable
televisions,quality,pixilated sharp clear fabulous
burgers,quality,fantastic delicious tasty
burgers,price,steep cheap pricey steep
burgers,price,value cheap
televisions,quality,sharp sharp pixilated fabulous
burgers,quality,nasty delicious
burgers,quality,fantastic fantastic
televisions,quality,pixilated sharp
burgers,quality,fantastic juicy
televisions,price,expensive expensive
televisions,price,affordable expensive economical
burgers,price,steep steep
televisions,price,value fancy affordable
televisions,price,affordable value expensive fancy
televisions,price,fancy affordable affordable value
burgers,quality,juicy delicious
televisions,quality,fabulous pixilated fantastic fantastic
televisions,price,expensive affordable
burgers,quality,fantastic tasty
televisions,price,value fancy
burgers,price,pricey pricey value value
televisions,quality,sharp fabulous fantastic
televisions,quality,pixilated pixilated pixilated fabulous
televisions,price,value fancy value value
burgers,price,pricey cheap value
televisions,quality,sharp pixilated fantastic fabulous
burgers,quality,nasty tasty juicy tasty
televisions,quality,fantastic pixilated pixilated
televisions,quality,fabulous pixilated
televisions,quality,pixilated clear sharp fabulous
burgers,price,pricey cheap pricey ouch
burgers,quality,tasty delicious fantastic
burgers,quality,fantastic tasty
televisions,price,economical value
burgers,quality,nasty juicy fantastic
burgers,price,pricey steep
televisions,quality,fabulous fabulous fabulous
televisions,quality,clear fabulous
televisions,quality,fantastic pixilated sharp clear
televisions,price,expensive value affordable expensive
televisions,quality,sharp fabulous pixilated pixilated
burgers,quality,juicy nasty
televisions,price,value expensive
televisions,price,expensive expensive
burgers,quality,delicious delicious delicious nasty
televisions,quality,sharp clear
televisions,quality,pixilated sharp
televisions,quality,fantastic pixilated fabulous
burgers,price,ouch steep steep
televisions,quality,fabulous fantastic fantastic
burgers,quality,juicy tasty
televisions,price,fancy economical economical
televisions,quality,clear fantastic sharp
burgers,quality,nasty delicious delicious
burgers,quality,fantastic fantastic nasty juicy
televisions,quality,fabulous fabulous
burgers,price,ouch steep steep ouch
burgers,quality,nasty delicious nasty juicy
burgers,price,cheap value
burgers,quality,fantastic nasty tasty delicious
burgers,price,value pricey steep cheap
televisions,quality,sharp fantastic sharp clear
televisions,price,fancy fancy value
televisions,price,economical affordable expensive fancy
burgers,price,pricey cheap
televisions,price,expensive affordable
televisions,price,affordable expensive affordable
televisions,quality,fabulous clear sharp
televisions,quality,fabulous clear clear pixilated
burgers,price,ouch ouch pricey
televisions,quality,sharp clear
televisions,price,value fancy
burgers,quality,delicious delicious delicious nasty
burgers,quality,tasty nasty delicious fantastic
televisions,quality,pixilated pixilated fabulous clear
burgers,price,cheap ouch cheap pricey
televisions,price,affordable economical expensive fancy
televisions,price,value expensive fancy affordable
burgers,quality,tasty juicy
burgers,quality,juicy tasty delicious delicious
burgers,price,pricey cheap value
burgers,quality,fantastic delicious tasty juicy
televisions,quality,fabulous sharp fantastic
televisions,price,affordable value economical fancy
burgers,quality,delicious fantastic tasty delicious
burgers,quality,nasty juicy fantastic tasty
burgers,price,ouch ouch
burgers,quality,delicious delicious nasty
burgers,quality,fantastic juicy
televisions,quality,clear pixilated
televisions,quality,sharp fabulous fabulous
televisions,price,economical expensive
burgers,price,cheap steep
televisions,price,expensive economical
burgers,quality,delicious juicy
burgers,quality,fantastic delicious tasty tasty
burgers,quality,nasty juicy
televisions,price,expensive economical
burgers,price,pricey value
burgers,quality,fantastic tasty tasty juicy
televisions,price,economical value affordable expensive
televisions,quality,clear pixilated fabulous
burgers,price,pricey ouch cheap
burgers,price,cheap ouch
burgers,price,ouch value
burgers,quality,fantastic tasty delicious juicy
televisions,price,economical expensive economical value
televisions,quality,clear fantastic fabulous clear
televisions,price,economical fancy expensive
burgers,quality,delicious juicy delicious
burgers,quality,delicious delicious delicious fantastic
televisions,price,economical expensive fancy
televisions,quality,fabulous clear sharp clear
televisions,quality,sharp fantastic clear
burgers,price,pricey ouch
televisions,quality,fantastic fabulous
burgers,price,ouch value pricey
burgers,price,cheap ouch cheap
televisions,price,affordable affordable affordable
televisions,quality,fabulous sharp
televisions,quality,fantastic pixilated
burgers,price,cheap cheap
burgers,quality,nasty delicious
televisions,quality,clear pixilated clear fabulous
burgers,quality,delicious delicious nasty nasty
burgers,price,ouch pricey steep
televisions,price,fancy affordable value value
burgers,quality,delicious tasty nasty
burgers,quality,juicy nasty juicy fantastic
televisions,price,expensive affordable
burgers,price,ouch cheap
televisions,price,value value
televisions,quality,fantastic sharp fantastic
televisions,quality,fantastic fabulous fabulous fabulous
televisions,price,value affordable
televisions,price,expensive expensive fancy expensive
burgers,quality,nasty delicious tasty juicy
burgers,price,steep steep
burgers,quality,delicious delicious
televisions,quality,fabulous sharp fantastic clear
televisions,price,fancy affordable fancy
televisions,price,expensive affordable economical economical
burgers,price,pricey ouch pricey
televisions,price,expensive affordable economical
televisions,quality,clear fabulous
televisions,quality,sharp clear fantastic clear
burgers,quality,fantastic juicy tasty tasty
televisions,price,value value economical
burgers,price,steep ouch ouch
burgers,quality,tasty fantastic fantastic nasty
burgers,price,pricey steep steep ouch
burgers,quality,juicy juicy tasty delicious
burgers,quality,juicy tasty juicy
burgers,price,pricey ouch value
burgers,price,pricey steep ouch ouch
televisions,price,affordable affordable value
burgers,quality,juicy delicious
televisions,quality,fantastic fantastic
burgers,quality,juicy nasty juicy nasty
televisions,price,affordable expensive value
burgers,quality,juicy fantastic delicious fantastic
televisions,price,affordable value fancy economical
televisions,quality,sharp pixilated
burgers,quality,nasty fantastic juicy nasty
televisions,quality,fantastic fabulous fabulous pixilated
televisions,quality,clear pixilated fantastic clear
televisions,quality,sharp fabulous sharp
televisions,quality,clear pixilated pixilated
televisions,price,value fancy expensive expensive
televisions,price,expensive economical economical
televisions,quality,fantastic sharp fabulous
televisions,quality,pixilated sharp fabulous
televisions,quality,clear clear fantastic
burgers,quality,nasty nasty
televisions,quality,pixilated pixilated fabulous
televisions,price,affordable value economical expensive
televisions,price,expensive value
televisions,quality,clear fabulous
televisions,price,economical affordable
televisions,price,value economical fancy fancy
burgers,price,cheap ouch
burgers,quality,tasty juicy delicious fantastic
burgers,quality,nasty fantastic
burgers,quality,fantastic juicy delicious
televisions,price,expensive economical economical economical
televisions,quality,pixilated pixilated sharp
televisions,quality,clear sharp
burgers,price,cheap cheap ouch value
televisions,price,fancy fancy
burgers,quality,tasty delicious fantastic juicy
burgers,quality,nasty tasty tasty
televisions,price,affordable economical affordable value
burgers,price,cheap value steep value
burgers,quality,delicious delicious
burgers,quality,tasty tasty
televisions,price,value value fancy
televisions,price,expensive fancy fancy value
televisions,quality,fabulous sharp pixilated
burgers,price,cheap steep ouch pricey
burgers,quality,tasty nasty tasty fantastic
burgers,quality,nasty tasty delicious
burgers,price,cheap ouch
televisions,quality,fantastic pixilated
burgers,price,value pricey
burgers,quality,tasty nasty tasty nasty
burgers,quality,tasty delicious tasty tasty
televisions,price,expensive expensive economical
televisions,price,fancy value fancy
burgers,quality,fantastic fantastic nasty nasty
televisions,quality,fantastic pixilated
burgers,quality,juicy delicious nasty
burgers,price,pricey cheap
burgers,price,steep pricey value cheap
burgers,price,pricey cheap
televisions,price,affordable fancy fancy
televisions,quality,pixilated clear
televisions,price,affordable value
burgers,quality,juicy delicious
burgers,price,value pricey steep
televisions,price,expensive fancy fancy
televisions,price,expensive value
televisions,quality,pixilated fantastic fantastic pixilated
televisions,price,expensive expensive economical
televisions,quality,clear fabulous
televisions,price,economical value expensive
televisions,price,value fancy
burgers,quality,fantastic delicious
burgers,quality,delicious juicy tasty
televisions,price,fancy value expensive
televisions,quality,pixilated fabulous pixilated clear
televisions,quality,clear fabulous pixilated clear
burgers,price,ouch value pricey
televisions,price,expensive economical expensive expensive
burgers,quality,tasty fantastic nasty juicy
televisions,price,value value affordable
televisions,price,expensive value value affordable
burgers,price,steep value
burgers,quality,tasty nasty tasty tasty
televisions,price,affordable affordable
televisions,quality,pixilated pixilated sharp
televisions,price,economical expensive
televisions,price,affordable economical expensive
burgers,price,cheap value cheap
televisions,price,fancy value value value
televisions,quality,sharp sharp sharp
burgers,quality,nasty nasty delicious
televisions,price,economical economical value
televisions,quality,fabulous pixilated pixilated fantastic
televisions,price,fancy expensive expensive
burgers,price,cheap cheap value ouch
televisions,price,fancy expensive economical
televisions,price,value value economical
televisions,quality,clear sharp
televisions,price,economical value fancy fancy
televisions,price,fancy fancy affordable economical
burgers,price,cheap ouch value pricey
burgers,price,pricey steep pricey
televisions,quality,pixilated fantastic
burgers,quality,nasty fantastic tasty
televisions,quality,fantastic fabulous
televisions,price,value value economical
burgers,price,ouch ouch steep
burgers,price,cheap ouch value
televisions,price,value fancy
burgers,quality,nasty nasty
televisions,price,value value fancy affordable
televisions,quality,fantastic fabulous clear clear
televisions,price,value affordable
televisions,quality,fabulous pixilated
burgers,price,pricey value
televisions,quality,fabulous pixilated fantastic sharp
televisions,price,expensive expensive
burgers,price,steep cheap ouch value
burgers,price,cheap cheap ouch
televisions,price,expensive expensive
televisions,price,economical fancy economical
televisions,price,economical value economical
televisions,quality,fabulous fabulous
burgers,price,ouch value ouch pricey
burgers,price,value cheap value
televisions,price,economical fancy
televisions,price,economical affordable expensive
burgers,quality,nasty juicy
burgers,quality,fantastic nasty
televisions,price,economical affordable
burgers,price,value value pricey
televisions,quality,clear fantastic
burgers,quality,nasty nasty
burgers,price,pricey pricey
televisions,price,value value economical fancy
burgers,price,ouch value steep ouch
burgers,quality,juicy nasty
burgers,quality,juicy delicious juicy
burgers,price,ouch pricey
burgers,price,cheap steep pricey cheap
televisions,quality,pixilated fabulous clear clear
televisions,quality,fantastic pixilated fabulous sharp
televisions,quality,fantastic pixilated
burgers,quality,fantastic tasty nasty
televisions,quality,fantastic fabulous pixilated sharp
burgers,quality,tasty fantastic
burgers,quality,delicious fantastic nasty nasty
televisions,quality,fantastic pixilated pixilated sharp
burgers,quality,fantastic juicy delicious tasty
burgers,quality,juicy nasty
burgers,price,steep cheap value
burgers,quality,juicy juicy
televisions,quality,pixilated fabulous clear
burgers,price,pricey steep cheap
televisions,quality,pixilated fantastic
televisions,quality,sharp pixilated sharp pixilated
burgers,quality,tasty juicy tasty
televisions,price,affordable affordable
burgers,price,ouch value ouch
televisions,quality,fantastic clear
televisions,price,economical value expensive value
burgers,quality,nasty tasty juicy
televisions,quality,clear fabulous pixilated
televisions,price,affordable affordable
burgers,price,value ouch
burgers,price,pricey cheap value
burgers,price,value pricey ouch steep
burgers,quality,delicious juicy tasty
televisions,price,value value expensive value
burgers,price,cheap cheap
televisions,price,affordable economical
burgers,quality,delicious nasty
televisions,quality,clear sharp clear fantastic
televisions,price,expensive fancy
televisions,price,value economical affordable
televisions,quality,sharp pixilated sharp
televisions,quality,pixilated pixilated clear
burgers,price,pricey cheap
burgers,quality,fantastic tasty
televisions,price,fancy value economical
burgers,price,cheap value value
televisions,price,value value
burgers,quality,fantastic tasty delicious
televisions,price,expensive affordable
burgers,price,pricey cheap steep value
televisions,quality,pixilated sharp fabulous sharp